objectid,filename,youtubeid,title,creator,date,description,subject,location,source,link,identifier,type,format,language,rights,rightsstatement
demo_001,https://github.com/J1chii/Archaeology/blob/main/objects/Manunggul_Jar.jpg?raw=true,,Manunggul Jar,Ancient Palawan Potters,890–710 BCE,"In the Tabon Caves of Palawan, the Manunggul Jar is an exceptionally well-known secondary burial jar. The Manunggul Jar is dated to the late Neolithic Period and features an extremely detailed lid that has two human figurines in a boat as they represent a person's journey to the afterlife. The soul's journey to the afterlife represents a person's beliefs regarding spirituality, burial customs, and the skill of early Filipinos as artists, which confirms the importance of the Manunggul Jar as one of the most significant archeological finds in the Philippines.",Burial Practices; Ancient Pottery; Neolithic Philippines; Spiritual Beliefs; Archaeology,"Tabon Caves, Palawan, Philippines",National Museum of the Philippines,,LK-PAL-001,Burial Jar / Ceramic Artifact,image/jpeg,English,For educational use only. Rights belong to respective institutions and sources.,https://rightsstatements.org/vocab/InC/1.0/
demo_002,https://historylearning.com/fileadmin/user_upload/Laguna_Copperplate_Inscription.gif?raw=true,,Laguna Copperplate Inscription,Unknown Ancient Filipino Scribe,900 CE,"The Laguna Copperplate Inscription is thought to be the oldest known written record found in the Philippines, dating back to 900 CE. The Laguna Copperplate Inscription has been inscribed onto a flat piece of thin copper and discusses the means by which debts were forgiven in the early political setup as a result of the early organized societies that existed at this time. The Laguna Copperplate Inscription also contains evidence of literacy, trade and cultural links to our neighboring Asian countries. The Laguna Copperplate Inscription serves to establish that organized societies existed long before Spain established itself in the Philippines by showing that pre-hispanic Filipinos had created systems for communication that were quite complex.",Ancient Writing Systems; Philippine History; Pre-colonial Society; Trade; Archaeology,"Laguna, Philippines",National Museum of the Philippines,,LK-LAG-002,Historical Document / Inscription,image/gif,English,For educational use only. Rights belong to respective institutions and sources.,https://historylearning.com/terms-of-use/
demo_003,https://upload.wikimedia.org/wikipedia/commons/b/be/Butuan_Ivory_Seal.jpg?utm_source=en.wikipedia.org&utm_campaign=index&utm_content=thumbnail_unscaled?raw=true,,Butuan Ivory Seal,Butuan Craftsmen,9th–12th century CE,"The Butuan Ivory Seal, a small carving made of ivory found on the excavation site in Butuan, Agusan del Norte, is thought to be an early method of marking documents or goods during trade. This artifact demonstrates the strong involvement of the early Filipinos in trade throughout all of Southwest Asia and the outstanding capabilities for artistry and commerce among those living in the Butuan area.",Trade and Commerce; Ivory Artifacts; Ancient Craftsmanship; Butuan Civilization,"Butuan, Agusan del Norte, Philippines",National Museum of the Philippines,,LK-BUT-003,Ivory Seal / Trade Artifact,image/jpeg,English,For educational use only. Rights belong to respective institutions and sources.,https://foundation.wikimedia.org/wiki/Policy:Terms_of_Use
demo_004,https://ccp-wagtail-bucket.s3.amazonaws.com/images/V_WORKS_Balanghai_CE_320_1.width-3000.jpg?raw=true,,Balangay Boats ,Ancient Austronesian Boat Builders,320 CE,Balangay Boats are old wood vessels found at Butuan that are recognized as using today's definitions as the earliest examples of marine vessels in the Philippines. These vessels were utilized by the early Filipinos of Austronesian descent as modes of transportatiom or trade to other islands and countries surrounding the Philippines. Each balangay boat was built entirely from nailed-together wooden planks — an engineering marvel — representing the long history of seafaring skills possessed by the early Filipino inhabitants of this region of the world.,Maritime Culture; Boat Building; Austronesian Migration; Trade; Transportation,"Butuan, Agusan del Norte, Philippines",Butuan National Museum,,LK-BUT-004,Boat / Maritime Artifact,image/jpeg,English,Copyright © Cultural Center of the Philippines and respective owners. For educational use only.,https://rightsstatements.org/vocab/InC/1.0/
demo_005,https://ccp-wagtail-bucket.s3.amazonaws.com/images/V_WORKS_Golden_Tara_1.width-3000.jpg?raw=true,,Golden Tara,Ancient Agusan Goldsmiths,13th–14th century CE,"The Golden Tara is an ancient gold statue that was found in Agusan; it is thought to depict a Hindu-Buddhist deity from the period before the Spanish had colonized the Philippines. This artifact is made from high-purity gold, which is a testament to the cultural and religious influences of early trade between India and Southeast Asian societies. The design of this statue exhibits the skillful craftsmanship of goldsmiths in the Philippines long ago and offers evidence of the thriving spiritual and artistic heritages that existed prior to colonization.",Gold Artifacts; Hindu-Buddhist Influence; Religion; Pre-colonial Philippines; Goldsmithing,"Agusan del Sur, Philippines",Field Museum of Natural History,,LK-AGS-005,Gold Statue / Religious Artifact,image/jpeg,English,Copyright © Cultural Center of the Philippines and respective owners. For educational use only.,https://rightsstatements.org/vocab/InC/1.0/
demo_006,https://images.esquiremag.ph/esquiremagph/images/2024/05/19/1gold-1716121914.jpg?raw=true,,Surigao Treasure ,Pre-colonial Filipino Goldsmiths,10th–13th century CE,"The Surigao Treasure consists of many ancient gold ornaments, jewelry items, belts and ceremony objects, which were all found in Surigao del Sur. These artifacts emanate from before the period of Spanish colonization and illustrate the affluence, skill of workmanship, and social standing of early Filipino communities. The sophistication of their ornamentation and the use of pure gold demonstrate that the ancient Filipinos possessed a high degree of sophistication in their goldworking techniques and were well connected to other regional trading networks and networks of cultural exchange within Southeast Asia.",Gold Jewelry; Wealth and Status; Ancient Filipino Craftsmanship; Trade; Archaeology,"Surigao del Sur, Philippines",Bangko Sentral ng Pilipinas,,LK-SUR-006,Gold Ornaments / Archaeological Hoard,image/jpeg,English,For educational use only. Rights belong to respective institutions and sources.,https://www.esquiremag.ph/terms-of-use?ref=nav_link
demo_007,https://ccp-wagtail-bucket.s3.amazonaws.com/images/V_WORKS_Calatagan_1.width-3000.jpg?raw=true,,Calatagan Pot,Ancient Tagalog Potters,14th–15th century CE,"The Calatagan Pot, a clay burial jar found in Batangas. It has important inscriptions engraved on its exterior surface. The pot may be associated with pre-colonial Philippine burial practices and ancient Filipino writing systems. This represents the spiritual beliefs, languages and everyday life of the Tagalog people in the early Philippines during the time prior to colonialism.",Burial Traditions; Ancient Scripts; Pottery; Pre-colonial Culture; Archaeology,"Calatagan, Batangas, Philippines",National Museum of the Philippines,,LK-BAT-007,Pottery / Inscribed Burial Jar,image/jpeg,English,Copyright © Cultural Center of the Philippines and respective owners. For educational use only.,https://rightsstatements.org/vocab/InC/1.0/
demo_008,"https://wmf.imgix.net/images/98_angono_petroglyphs_centered.jpg?auto=format,compress&fit=max&w=1920?raw=true",,Angono Petroglyphs,Prehistoric Austronesian hunter-gatherers,3000 BCE,"The Angono Petroglyphs are the Philippines' oldest known rock carvings, dating back to the late Neolithic period. More than a hundred stylized human and animal figures have been carved into a rock face at this site, believed to represent early forms of communication, ritual practices, or symbols used for healing by prehistoric communities. This site provides invaluable evidence of the art and culture, spiritual belief system, and everyday life of early Filipinos, prior to the written record in the Philippines.",Rock Art; Prehistoric Philippines; Archaeology; Ancient Symbols; Neolithic Culture,"Binangonan, Rizal, Philippines",National Museum of the Philippines,,LK-ROK-008,Rock Art / Petroglyph,image/jpeg,English,Copyright © World Monuments Fund. All rights reserved.,https://rightsstatements.org/vocab/InC/1.0/
demo_009,https://historylearning.com/fileadmin/_processed_/5/1/csm_640px-Khamantik_2d016711b3.jpg?raw=true,,Kamhantik Limestone Tombs ,Ancient pre-colonial Filipino,900–1000 CE,"The Kamhantik Limestone Tombs, in Mulanay, Quezon Province, are an archaeological site of great significance that includes limestone coffins (burials) cut directly from large blocks of stone, skeletal remains and accompanying burial artifacts. Based on the tombs, archaeologists believe this site represents a well-organized, pre-colonial society that possessed an advanced knowledge of stone carving techniques and burial practices. The presence of these tombs suggests that a successful social structure existed, further defining the complexity and diversity of culture among the ancient communities of southern Luzon.",Burial Practices; Archaeology; Pre-colonial Society; Ancient Structures; Funerary Culture,"Mulanay, Quezon, Philippines",National Museum of the Philippines,,LK-QUE-009,Archaeological Site / Burial Structure,image/jpeg,English,For educational use only. Rights belong to respective institutions and sources.,https://historylearning.com/terms-of-use/
demo_010,https://ccp-wagtail-bucket.s3.amazonaws.com/images/V_WORKS_Banton_Burial_Cloth_1.width-3000.jpg?raw=true,,Banton Cloth,Early Visayan weavers,13th–14th century CE,"Banton Cloth, which is one of the earliest existing cloth pieces from the Southeast Asian region, was found within a wooden coffin located in the area known as Banton Island in the Philippines. This cloth is comprised of a number of different types of fiber and is decorated with intricate geometric designs that were made using techniques for dyeing and weaving that resulted in highly skilled workmanship by the early Filipinos and reveal their impressive artistry prior to the arrival of European colonial authorities. Additionally, the Banton Cloth is indicative of the early trade patterns among various cultural groups, provides evidence of how people identified themselves through different methods and ways, and demonstrates how textile-making traditions are an influence on the way in which the culture of weaving in the Philippines has developed over time.",Textile Art; Weaving Traditions; Pre-colonial Philippines; Anthropology; Material Culture,"Banton Island, Romblon, Philippines",National Museum of the Philippines,,LK-ROM-010,Textile / Archaeological Textile,image/jpeg,English,Copyright © Cultural Center of the Philippines and respective owners. For educational use only.,https://rightsstatements.org/vocab/InC/1.0/
demo_011,https://weblinks.nationalmuseum.gov.ph/wp-content/uploads/2021/08/01122220/Architecture-and-Furnitures-1_Panolong-scaled.jpg,,Maranao Okir Wood Carvings ,Maranao artisans,14th century CE – present,"Maranao Okir utilize form and creative expression to create unique decorative art pieces created by the people of the Maranao tribe, who live in the Lanao del Sur region of Mindanao. Maranao culture has a rich tradition of creating Okir, which has flowing designs made with intricate line work that often utilize geometric figures (shapes) with influences from both the natural world (flora and fauna) and mythical creatures. Okir is also applied to various pieces of furniture (houses), special event-related items (boats), musical instruments, and ceremonial artifacts. Okir has both indigenous and Muslim cultural roots, and represents the identity through one's creation of Okir, as well as demonstrates the social status, pride, and prestige of the individuals associated with the Maranao tribes.",Wood Carving; Islamic Art Influence; Maranao Culture; Decorative Arts; Indigenous Design,"Lanao del Sur, Mindanao, Philippines",National Commission for Culture and the Arts (NCCA); National Museum of the Philippines,,LK-LAN-011,Wood Carving / Decorative Art,image/jpeg,English,Used for educational and reference purposes only. Copyright belongs to the National Museum of the Philippines.,https://rightsstatements.org/vocab/InC/1.0/
demo_012,https://www.google.com/url?sa=t&source=web&rct=j&url=http%3A%2F%2Fwww.tribalartasia.com%2FIFUGAO%2520BULUL%2520STATUES%2FBULUL-MARCH-2017%2FIFUGAO-2-BULUL-1-BASE.html&ved=0CBYQjRxqFwoTCPDOooyQu5QDFQAAAAAdAAAAABAF&opi=89978449?raw=true,,Ifugao Bulul,Ifugao ritual carvers and spiritual artisans,16th century CE – present,"The Ifugao Bulul is a carved wooden statue representing the spirit guardians of rice, and the ancestors of the people of Ifugao in the Cordillera region of the Philippines. These statues were traditionally placed in granaries and fields, and were believed to protect rice crops, foster fertility, and provide an abundance of rice at harvest time. Each Bulul was ritually ceremonially blessed, signifying the deep spiritual connections among agriculture, ancestors, and daily life in Ifugao culture. The Bulul still represents powerful symbols of Indigenous belief systems in the Philippines today.",Ancestral Worship; Ritual Objects; Rice Culture; Cordillera Traditions; Sculpture,"Ifugao Province, Cordillera Administrative Region, Philippines",National Museum of the Philippines; Cordillera cultural heritage records,,LK-IFU-012,Sculpture / Ritual Object,image/jpeg,English,For educational use only. Rights belong to respective institutions and sources.,https://rightsstatements.org/vocab/InC/1.0/
demo_013,https://www.google.com/imgres?q=T’boli%20T’nalak&imgurl=https%3A%2F%2Fimages.squarespace-cdn.com%2Fcontent%2Fv1%2F5961c8ce3e00be4fb1decc32%2F1579925189414-B34Q1GTIV6LA8N6ZN1HI%2Ftnalak-weaving-philippines3&imgrefurl=https%3A%2F%2Fwww.thetextileatlas.com%2Fcraft-stories%2Ftnalak-weaving-philippines&docid=lb39-VijlTOk1M&tbnid=BVJqZsh5XBj6VM&vet=12ahUKEwjmwIrGkLuUAxVPoK8BHfkxIDsQnPAOegQIKxAB..i&w=1000&h=547&hcb=2&ved=2ahUKEwjmwIrGkLuUAxVPoK8BHfkxIDsQnPAOegQIKxAB?raw=true,J0src2o6wx8,T’boli T’nalak,T’boli women weavers,Pre-colonial period – present,"The sacred textile, T’nalak, is made by the T’boli people of South Cotabato, using traditional handweaving techniques. Skilled women (known as “dreamweavers”) create these textiles, believing that the spirit guardian Fu Dalu reveals their designs in dreams. Creating T’nalak is very detail-oriented and requires a lot of patience, as the weavers use abaca fibers dyed in the traditional manner. T’nalak is used to create cultural items for rituals and ceremonies that represent identity and spirituality.",Textile Weaving; Dreamweaving Tradition; Indigenous Culture; Fabric Arts; South Cotabato Heritage,"South Cotabato, Mindanao, Philippines",NCCA (National Commission for Culture and the Arts); T’boli cultural communities,,LK-SCO-013,Textile / Woven Fabric,image/jpeg; video/mp4,English,Used for educational and non-commercial purposes. Copyright belongs to The Textile Atlas and respective creators.,https://rightsstatements.org/vocab/InC/1.0/
demo_014,https://cdn.shortpixel.ai/spai/q_lossy+w_1350+to_auto+ret_img/centerforworldmusic.org/wp-content/uploads/2021/09/Kulintang_Gong.jpg?raw=true,Czh1oqx0Bpw,Kulintang Ensemble,"Maranao, Maguindanao, and Tausug musicians",13th century CE – present,"The Kulintang Ensemble consists of a number of horizontally aligned gongs, with varying-gongs used to provide rhythm; in addition, drums are played along with these in order to add additional sound/texture while performing as part of their celebration, ritual, wedding, etc. culturally, this type of music is very spiritual(in addition to being social) and continues to remain a key component of filipino indigenous music.",Traditional Music; Indigenous Instruments; Mindanao Culture; Performing Arts; Sound Heritage,"Mindanao (especially Maguindanao, Maranao, Tausug areas), Philippines",NCCA; Mindanao cultural heritage studies; National Museum of the Philippines,,LK-MIN-014,Musical Instrument / Traditional Music,image/jpeg; video/mp4,English,Used for educational purposes only. Copyright belongs to the Center for World Music and respective creators.,https://rightsstatements.org/vocab/InC/1.0/
demo_015,https://atg-prod-scalar.s3.amazonaws.com/resources-for-loss/media/Spoliarium%202.jpg?raw=true,,Spoliarium ,Juan Luna,1884 CE,"The Spoliarium is a large-scale oil painting by Juan Luna created in 1884 while living in Rome. This particular work depicts the remains of gladiators that had recently died being pulled off of the arena floor, underscoring how brutal and incredibly oppressive oppression really is. While the painting has historical significance, it is also commonly viewed as a visual representation of the struggles faced by Filipinos during the Spanish Colonial Period. As such, it is considered by many people to be one of the top masterpieces of Philippine Art and a powerful symbol of the national identity/resistance.",Painting; Fine Arts; Spanish Colonial Philippines; History; National Identity,"Rome, Italy (painted); currently in Manila, Philippines (National Museum of Fine Arts)",National Museum of Fine Arts (Manila); Juan Luna archives,,LK-NAT-015,Painting / Fine Art,image/jpeg,English,For educational use only. Rights belong to respective institutions and sources.,https://scalar.me/anvc/terms-of-service/
demo_016,https://www.ancient-origins.net/sites/default/files/formidable_0.jpg?raw=true,0ESh1E-HP2g,Bolinao Skull,Pre-colonial Filipinos of Pangasinan,14th–15th century CE,,Burial Practices; Archaeology; Pre-colonial Philippines; Human Remains; Funerary Cultur,"Bolinao, Pangasinan, Philippines",National Museum of the Philippines,https://youtu.be/0ESh1E-HP2g?si=2XSfrA0iKtOBXSQD,LK-ARC-016,Human Remains / Burial Artifact,image/jpeg; video/mp4,English,For educational use only. Rights belong to respective institutions and sources.,https://www.ancient-origins.net/terms-publication
demo_017,https://ccp-wagtail-bucket.s3.amazonaws.com/images/V_WORKS_Maitum_Jar_1.width-3000.jpg?raw=true,,Maitum Anthropomorphic Jars,Early Iron Age Filipinos (Sarangani/Maitum communities),5 BCE – 370 CE,,Burial Traditions; Ancient Pottery; Iron Age Philippines; Archaeology; Ritual Objects,"Maitum, Sarangani, Philippines",National Museum of the Philippines,,LK-ARC-017,Burial Jar / Anthropomorphic Pottery,image/jpeg,English,Copyright © Cultural Center of the Philippines and respective owners. For educational use only.,https://rightsstatements.org/vocab/InC/1.0/
demo_018,https://www.franckgoddio.org/fileadmin/_processed_/7/9/csm_01-San-Diego-89-FG-1949_54e57ab5ff.jpg?raw=true,,San Diego Shipwreck Artifacts,Spanish colonial shipbuilders and Asian/European craftsmen,1600 CE (sank in battle),,Maritime Archaeology; Naval Warfare; Spanish Colonial Trade; Shipwrecks; History,"Nasugbu, Batangas, Philippines (wreck site)",National Museum of the Philippines,,LK-MAR-018,Shipwreck Artifacts / Maritime Archaeology,image/jpeg,English,For educational use only. Rights belong to respective institutions and sources.,https://www.franckgoddio.org/cn/terms-conditions/
demo_019,https://ccp-wagtail-bucket.s3.amazonaws.com/images/V_WORKS_SantoNino_1.width-3000.jpg?raw=true,,Santo Niño de Cebu Image,Spanish religious sculptors,1565 CE,,Christianity; Religious Art; Spanish Colonization; Devotion; Cultural Heritage,"Cebu City, Philippines",Basilica del Santo Niño / Cebu Archdiocese,,LK-REL-019,Religious Icon / Sculpture,image/jpeg,English,Copyright © Cultural Center of the Philippines and respective owners. For educational use only.,https://rightsstatements.org/vocab/InC/1.0/
demo_020,https://upload.wikimedia.org/wikipedia/commons/thumb/b/b1/LuzonensisMolars.jpg/500px-LuzonensisMolars.jpg?utm_source=en.wikipedia.org&utm_campaign=parser&utm_content=thumbnail?raw=true https://upload.wikimedia.org/wikipedia/commons/thumb/d/d1/Homo_luzonensis_metatarsal.jpg/500px-Homo_luzonensis_metatarsal.jpg?utm_source=en.wikipedia.org&utm_campaign=parser&utm_content=thumbnail?raw=true,,"Homo luzonensis, also know as Callao Man Remains",Early Homo species,"67,000 years ago",,Human Evolution; Prehistoric Philippines; Archaeology; Early Humans; Anthropology,"Callao Cave, Cagayan, Philippines",National Museum of the Philippines,,LK-ARC-020,Human Remains / Archaeological Find,image/jpeg,English,For educational use only. Rights belong to respective institutions and sources.,https://rightsstatements.org/vocab/InC/1.0/
demo_021,https://ccp-wagtail-bucket.s3.amazonaws.com/images/V_WORKS_Jade_1_47Y6Ohg.width-3000.jpg?raw=true,,Palawan Jade Artifacts,Neolithic Filipino jade artisans,2000–500 BCE,,Jade Trade; Neolithic Culture; Archaeology; Pre-colonial Philippines; Material Culture,"Palawan, Philippines",National Museum of the Philippines,,LK-ARC-021,Jade Ornament / Archaeological Artifact,image/jpeg,English,Copyright © Cultural Center of the Philippines and respective owners. For educational use only.,https://rightsstatements.org/vocab/InC/1.0/
demo_022,https://images.summitmedia-digital.com/spotph/images/2024/05/08/20240507-140846-1-1-1715153350.jpg?raw=true,,Calatagan Burial Sites Artifacts,Pre-colonial Tagalog communities,14th–16th century CE,,Burial Practices; Ancient Tagalog Culture; Archaeology; Funerary Objects,"Calatagan, Batangas, Philippines",National Museum of the Philippines,,LK-ARC-022,Burial Artifacts / Archaeological Site,image/jpeg,English,For educational use only. Rights belong to respective institutions and sources.,https://www.spot.ph/terms-of-use?ref=home_footer
demo_023,https://github.com/J1chii/Archaeology/blob/main/objects/Boxer%20code.jpg?raw=true,,Boxer Codex Illustrations,Unknown Chinese/Spanish illustrators under Spanish commission,1590 CE,,Ethnography; Spanish Colonial Philippines; Cultural Depictions; Manuscripts; History,Spain / Philippines (historical manuscript archive),National Library of Spain / scholarly archives,,LK-MAN-023,Manuscript / Ethnographic Illustrations,image/jpeg,English,For educational use only. Rights belong to respective institutions and sources.,https://rightsstatements.org/vocab/InC/1.0/
demo_024,https://blogger.googleusercontent.com/img/b/R29vZ2xl/AVvXsEjPBNN7tUrLRRIOIQh6-NfpEsMmbEgi5GJpiCnOPK_e_AjEkF9VnVJLLMCnfaUZkysRj5z05b3xPBzScOGVTS_UETcjXyYDwzZMOoLK_w6fgfIy5Hele5wmvJOzp2zy_G25cNUek1-lNQg/w1200-h630-p-k-no-nu/bamboo+org+lrge+2.jpg?raw=true,xmpEHIl0Lj0,Las Piñas Bamboo Organ,Fr. Diego Cera (Spanish priest),1824 CE,,Music; Church Heritage; Spanish Colonial Philippines; Organ Building; Religious Art,"Las Piñas, Metro Manila, Philippines",Las Piñas Parish / National Museum of the Philippines,https://www.youtube.com/watch?v=xmpEHIl0Lj0,LK-REL-024,Musical Instrument / Pipe Organ,image/jpeg; video/mp4,English,For educational use only. Rights belong to respective institutions and sources.,https://rightsstatements.org/vocab/InC/1.0/
demo_025,https://encrypted-tbn0.gstatic.com/images?q=tbn:ANd9GcS5c4kopqWrJSjW4OSC4raeOnNIP030gN8o4w&s?raw=true,,Santa Ana Site Artifacts,"Pre-colonial Tagalog communities (ancient inhabitants of Santa Ana, Manila)",12th–14th century CE,,Trade; Pre-colonial Society; Archaeology; Urban Settlements; Material Culture,"Santa Ana, Manila, Philippines",National Museum of the Philippines,,LK-ARC-025,Archaeological Site / Material Culture,image/jpeg,English,For educational use only. Rights belong to respective institutions and sources.,https://rightsstatements.org/vocab/InC/1.0/
demo_026,https://www.google.com/url?sa=t&source=web&rct=j&url=https%3A%2F%2Fwww.pinterest.com%2Fpin%2Fintramuros-sunset-intramuros-manilas-historic-walled-city--107664247337346362%2F&ved=0CBYQjRxqFwoTCNDezNa7u5QDFQAAAAAdAAAAABAF&opi=89978449?raw=true,,Intramuros,Spanish colonial government / engineers,Founded 1571 CE,,Colonial History; Urban Heritage; Spanish Philippines; Fortified Cities; Architecture,"Manila, Philippines",Intramuros Administration / National Museum,,LK-HIS-026,Historic City / Fortified Settlement,image/jpeg,English,Image is owned by Lola Pinay Designs and Art. Used for educational and non-commercial purposes only. No reuse or redistribution without permission from the creator.,https://rightsstatements.org/vocab/InC/1.0/
demo_027,https://www.google.com/url?sa=t&source=web&rct=j&url=https%3A%2F%2Fstock.adobe.com%2Fsearch%3Fk%3Dmanila%2Bfort%2Bsantiago&ved=0CBYQjRxqGAoTCOjQxqy8u5QDFQAAAAAdAAAAABCIAQ&opi=89978449?raw=true,,Fort Santiago,Spanish colonial; military engineers,1571 CE,,Military History; Spanish Colonial Defense; Architecture; War History; Heritage,"Manila, Philippines",Intramuros Administration,,LK-HIS-027,Fortification / Military Architecture,image/jpeg,English,For educational use only. Rights belong to respective institutions and sources.,https://rightsstatements.org/vocab/InC/1.0/
demo_028,https://upload.wikimedia.org/wikipedia/commons/c/cd/San_Agustin_Church%2C_Manila_after_the_1880_earthquake.jpg?utm_source=commons.wikimedia.org&utm_campaign=index&utm_content=original?raw=true,,San Agustin Church,Augustinian friars; Filipino laborers,1586–1607 CE,,Baroque Architecture; Religion; Spanish Colonial Philippines; UNESCO Heritage; History,"Manila, Philippines",UNESCO / Augustinian Order,,LK-HIS-028,Church / Baroque Architecture,image/jpeg,English,For educational use only. Rights belong to respective institutions and sources.,https://rightsstatements.org/vocab/InC/1.0/
demo_029,https://philjets.com/wp-content/uploads/2018/07/Tours_Corregidor.jpg?raw=true,,Corregidor Island,Spanish then American military engineers,16th–20th century CE,,World War II; Military History; Defense Structures; War Heritage; Philippines,"Cavite, Philippines",Philippine military / National Historical Commission,,LK-HIS-029,Military Site / WWII Heritage,image/jpeg,English,"All product names, logos, and brands are property of their respective owners. Content © Philjets 2018. Used for educational and non-commercial purposes only.",https://rightsstatements.org/vocab/InC/1.0/
demo_030,https://upload.wikimedia.org/wikipedia/commons/e/e8/Fort_Drum_DN-SN-83-09891.JPEG?raw=true,,Fort Drum,U.S. Army Corps of Engineers,1909–1914 CE,,Military Engineering; American Colonial Period; Coastal Defense; War History; Architecture,"Manila Bay, Philippines",U.S. Army Corps of Engineers / NHCP,,LK-HIS-030,Coastal Defense Fort / Military Structure,image/jpeg,English,For educational use only. Rights belong to respective institutions and sources.,https://rightsstatements.org/vocab/InC/1.0/
demo_031,https://verafiles.org/wp-content/uploads/2013/01/Cagsawa-ruins-with-Mayon-Volcano-in-the-background.jpg?raw=true,,Cagsawa Ruins,Franciscan missionaries,1724 CE (destroyed 1814),,Natural Disaster; Volcanic Eruption; Church Ruins; History; Heritage,"Albay, Philippines",National Museum / LGU Albay,,LK-HIS-031,Church Ruins / Disaster Heritage,image/jpeg,English,"Content © Verafiles, Inc. 2024. All rights reserved. Use of this material is subject to their Terms of Service and Privacy Policy, including data sharing and usage restrictions.",https://rightsstatements.org/vocab/InC/1.0/
demo_032,https://lakbaypinas.com/wp-content/uploads/2025/06/snapins-ai_3576427850137965184.jpg?raw=true,,Paoay Church,Augustinian friars; Ilocano builders,1694 CE,,Earthquake Baroque; Religion; Spanish Colonial Architecture; UNESCO Heritage; History,"Ilocos Norte, Philippines",UNESCO / Augustinian Order,,LK-HIS-032,Church / Earthquake Baroque Architecture,image/jpeg,English,For educational use only. Rights belong to respective institutions and sources.,https://lakbaypinas.com/terms-and-conditions/
demo_033,https://gttp.images.tshiftcdn.com/225909/x/0/guide-to-vigan-city-in-ilocos-sur-province-everything-you-need-to-know-8.jpg?auto=compress%2Cformat&ch=Width%2CDPR&dpr=1&ixlib=php-3.3.0&w=883?raw=true,,Vigan Historic City,Spanish colonial planners; Filipino artisans,16th century CE (Spanish colonial period),,Heritage City; Spanish Colonial Urban Planning; Architecture; Culture; UNESCO Site,"Ilocos Sur, Philippines",UNESCO / LGU Vigan,https://www.unesco.org/archives/multimedia/document-1269,LK-HIS-033,Heritage City / Urban Architecture,image/jpeg; video/mp4,English,Image sourced from UNESCO and used for educational and non-commercial purposes only. Some UNESCO materials may be licensed under Creative Commons terms with required attribution.,https://rightsstatements.org/vocab/InC/1.0/
demo_034,https://www.google.com/url?sa=t&source=web&rct=j&url=https%3A%2F%2Fkahimyang.com%2Farticles%2F3375%2Fbarasoain-church-cradle-of-philippine-democracy&ved=0CBYQjRxqFwoTCPjymaPBu5QDFQAAAAAdAAAAABAF&opi=89978449?raw=true,,Barasoain Church,Augustinian friars,1888 CE,,Philippine Revolution; Religion; National History; Independence; Heritage,"Malolos, Bulacan, Philippines",National Historical Commission of the Philippines,,LK-HIS-034,Church / Historical Site,image/jpeg,English,Copyright © The Kahimyang Project. Licensed under Creative Commons 3.0.,https://rightsstatements.org/vocab/InC/1.0/
demo_035,https://junsjazzimages.wordpress.com/wp-content/uploads/2013/03/jjbw138.jpg?raw=true,,Miagao Church,"Augustinian friars, local artisans",1787 CE,,Baroque Architecture; Religion; UNESCO Heritage; Spanish Philippines; Culture,"Iloilo, Philippines",UNESCO / Augustinian Order,,LK-HIS-035,Church / UNESCO Heritage Site,image/jpeg,English,Content sourced from Juns Jazz Images and used for educational and non-commercial purposes only. No reuse or redistribution without permission from the creator.,https://rightsstatements.org/vocab/InC/1.0/
demo_036,https://upload.wikimedia.org/wikipedia/commons/0/07/Jose_Rizal_Shrine%2C_Dapitan%2C_Zamboanga_del_Norte.JPG?raw=true,,Rizal Shrine in Dapitan,José Rizal (designed and built with locals),1892–1896 CE,,José Rizal; National Hero; History; Exile Period; Heritage,"Dapitan, Zamboanga del Norte, Philippines",National Historical Commission of the Philippines,,LK-MOD-036,Shrine / Historical House,image/jpeg,English,For educational use only. Rights belong to respective institutions and sources.,https://rightsstatements.org/vocab/InC/1.0/
demo_037,https://philhistoricsites.nhcp.gov.ph/wp-content/uploads/2023/06/Bahay-ni-Aguinaldo-1.jpg?raw=true,,Aguinaldo Shrine,Emilio Aguinaldo (designed/modified residence),"1840s CE (house), declared shrine 1964 CE",,Philippine Independence; Revolution; National History; Leadership; Heritage,"Kawit, Cavite, Philippines",National Historical Commission of the Philippines,,LK-MOD-037,Shrine / Historical House,image/jpeg,English,For educational use only. Rights belong to respective institutions and sources.,Content sourced from the National Historical Commission of the Philippines Historic Sites Registry. Materials are in the public domain unless otherwise stated by NHCP.
demo_038,https://preview.redd.it/the-macarthur-leyte-landing-memorial-national-park-in-the-v0-7zsfakmdym981.jpg?width=640&crop=smart&auto=webp&s=b6b31b994735d1de8a32b79b94d52dc5b68c8e4a?raw=true,,Leyte Landing Memorial,American government / WWII memorial designers,1975 CE,,World War II; Liberation of the Philippines; History; War Memorial; Allied Forces,"Palo, Leyte, Philippines",National Historical Commission of the Philippines,,LK-MOD-038,War Memorial / Monument,image/jpeg,English,For educational use only. Rights belong to respective institutions and sources.,https://rightsstatements.org/vocab/InC/1.0/
demo_039,https://upload.wikimedia.org/wikipedia/commons/9/99/Baluarte_de_San_Diego_Intramuros.jpg?raw=true,,Baluarte de San Diego,Spanish military engineers,1586 CE,,Military Architecture; Spanish Colonial Defense; Fortifications; History; Heritage,"Manila, Philippines",Intramuros Administration,,LK-HIS-039,Fortification / Bastion,image/jpeg,English,For educational use only. Rights belong to respective institutions and sources.,https://rightsstatements.org/vocab/InC/1.0/
demo_040,https://byunique.com/gallery/?album=1903&w=1200&h=600&crop=auto?raw=true,fM7Es6MWuuY,Banaue Rice Terraces,Ifugao ancestors (indigenous farmers),"c. 2,000 years ago",,Agriculture; Indigenous Engineering; Ifugao Culture; Cultural Landscape; Irrigation Systems; Pre-colonial Heritage; UNESCO World Heritage Site,"Banaue, Ifugao, Cordillera Administrative Region, Philippines",UNESCO World Heritage Centre; Ifugao cultural heritage communities / National Museum of the Philippines,https://youtu.be/fM7Es6MWuuY?si=2v_f_jE51jE_BiWk,LK-LND-040,Cultural Landscape,image/jpeg; video/mp4,English,This video is licensed under YouTube’s Standard License and is used for educational and non-commercial purposes only. All rights belong to the original creator.,https://rightsstatements.org/vocab/InC/1.0/
demo_041,https://www.palawandays.com/wp-content/uploads/2015/02/fb968005a70f16ff6b5de5890a054eaf.jpg?raw=true,,Tabon Cave Complex,Early prehistoric Filipino communities (no single creator),"c. 47,000–6,000 years ago",,Human Evolution; Prehistoric Archaeology; Early Humans; Stone Age Philippines; Anthropology,"Palawan, Philippines",National Museum of the Philippines,,LK-ARC-041,Archaeological Site / Prehistoric Settlement,image/jpeg,English,For educational use only. Rights belong to respective institutions and sources.,https://rightsstatements.org/vocab/InC/1.0/
demo_042,https://kahibalo.com/wp-content/uploads/2024/10/magellans-cross-cebu-philippines-kahibalo-foundation-4.jpg?raw=true,,Magellan's Cross,Spanish and Portuguese explorers (Ferdinand Magellan expedition),1521 CE,,Christianity; Spanish Exploration; Colonization; Religious Symbol; History,"Cebu City, Philippines",Cebu Archdiocese,,LK-HIS-042,Religious Monument / Historical Marker,image/jpeg,English,Content sourced from The Kahibalo Project and used under Creative Commons 3.0 License for educational and non-commercial purposes with attribution.,https://rightsstatements.org/vocab/InC/1.0/
demo_043,https://blogger.googleusercontent.com/img/b/R29vZ2xl/AVvXsEhvsauDJjKKBB4zO3QxKIjIxy4nhrtNw47LRw13uyNjQwfvNJK-7WPDxQBJ2wuvRQnhBkVzg3_q2HqwtPUZGb7dU1M-aI_a8tWLQOZXmgMzIF0U7mL2xBEt3U7MnznVXC1E3kZv-hTXLk4/w1200-h630-p-k-no-nu/St+Martin+de+Tours+Taal+01.jpg?raw=true,,Taal Basilica,Augustinian friars; Filipino craftsmen,1755 CE (reconstructed later),,Religion; Baroque Architecture; Spanish Colonial Philippines; Heritage; Church History,"Taal, Batangas, Philippines",Roman Catholic Diocese of Lipa,,LK-HIS-043,Church / Religious Architecture,image/jpeg,English,Used for educational purposes only. Copyright belongs to PinasMuna.,https://rightsstatements.org/vocab/InC/1.0/
demo_044,https://upload.wikimedia.org/wikipedia/commons/d/de/Daraga_Church%2C_Daraga_Albay%2C_the_Philippines.jpg?utm_source=commons.wikimedia.org&utm_campaign=index&utm_content=original?raw=true,,Daraga Church,Franciscan friars; Bicolano laborers,1773 CE,,Religion; Baroque Architecture; Spanish Colonial Philippines; Heritage; Culture,"Albay, Philippines",National Museum / Diocese of Legazpi,,LK-HIS-044,Church / Baroque Architecture,image/jpeg,English,For educational use only. Rights belong to respective institutions and sources.,https://rightsstatements.org/vocab/InC/1.0/
demo_045,https://images.metronewscentral.net/HsdZO752za20-pinaglabanan-shrine.jpg?raw=true,,Pinaglabanan Shrine,Philippine Revolutionary forces; National Historical Commission of the Philippines (commemorative site builders),1996 CE,,Philippine Revolution; Katipunan; National History; Resistance; Heritage,"San Juan, Metro Manila, Philippines",National Historical Commission of the Philippines,,LK-MOD-045,War Memorial / Historical Site,image/jpeg,English,Image sourced from Metro News Central and used for educational and non-commercial purposes only. No reuse or redistribution without permission from the publisher.,https://rightsstatements.org/vocab/InC/1.0/
demo_046,https://encrypted-tbn0.gstatic.com/images?q=tbn:ANd9GcQBRso5xwPz2hZyFQmUuR65JGSC27gTN6VG-g&s?raw=true,,Sandugo Shrine,Boholano people (historical event commemorated); National Historical Commission of the Philippines (monument designers),1970s CE,,Early Diplomacy; Spanish Contact; Blood Compact; History; Cultural Exchange,"Tagbilaran, Bohol, Philippines",National Historical Commission of the Philippines,,LK-MOD-046,Historical Monument / Commemorative Site,image/jpeg,English,"Image is copyrighted by Badz Manaois. It is used for educational and non-commercial purposes only. No reuse, reproduction, or redistribution is allowed without permission from the creator.",https://rightsstatements.org/vocab/InC/1.0/
demo_047,https://blogger.googleusercontent.com/img/b/R29vZ2xl/AVvXsEjcYhyQSCf0yTrFITvFGIzVU3FhVZDrg27j2cpMk31CjOwJ8Km4io-nQEoejs74ICqgiQmf9_IvqRMq2wpYQNrbyiGxG2sZKAy1-qIW7srcNOGgjiNwWZO7wKlhVaAHBJcMhO-7SlK5slin/s800/sansebastian.jpg?raw=true,,San Sebastian Church,Spanish engineers (Genaro Palacios design),1891 CE,,Neo-Gothic Architecture; Religion; Iron Church; Spanish Colonial Era; Heritage,"Manila, Philippines",Archdiocese of Manila,,LK-HIS-047,Church / Neo-Gothic Architecture,image/jpeg,English,Image sourced from TICCIH Philippines and used for educational and non-commercial purposes only. No reuse or redistribution without permission from the organization.,https://rightsstatements.org/vocab/InC/1.0/
demo_048,https://github.com/J1chii/Archaeology/blob/main/objects/Casa%20Manila.jpg?raw=true,,Casa Manila,Imelda Marcos (conceptualization); Filipino heritage architects and craftsmen,1981 CE (museum reconstruction),,Colonial Lifestyle; Museum; Spanish Philippines; Heritage Reconstruction; Architecture,"Intramuros, Manila, Philippines",Intramuros Administration / National Museum,,LK-MOD-048,Museum House / Heritage Reconstruction,image/jpeg,English,For educational use only. Rights belong to respective institutions and sources.,https://rightsstatements.org/vocab/InC/1.0/
demo_049,https://philhistoricsites.nhcp.gov.ph/wp-content/uploads/2023/06/Fort-Pilar-2.jpg?raw=true,,Fort Pilar,Spanish military engineers,1635 CE,,Military History; Spanish Fortifications; Religion; Zamboanga Heritage; Colonial Philippines,"Zamboanga City, Philippines",National Museum / Zamboanga LGU,,LK-HIS-049,Fort / Military Religious Site,image/jpeg,English,Image sourced from the National Historical Commission of the Philippines Historic Sites Registry. Materials are in the public domain unless otherwise stated by NHCP.,https://rightsstatements.org/vocab/InC/1.0/
demo_050,https://thehappytrip.com/wp-content/uploads/2011/07/384876_10150478423628017_56162774_n.jpg?raw=true,,The Ruins (Negros Occidental),Don Mariano Ledesma Lacson (commissioned mansion builders),c. 1920s CE,,Heritage Mansion; Colonial Architecture; World War II History; Family Estate; Tourism,"Talisay City, Negros Occidental, Philippines",LGU Talisay / heritage tourism office,,LK-HIS-050,Mansion Ruins / Heritage Structure,image/jpeg,English,Image sourced from The Happy Trip blog. Used for educational and non-commercial purposes only. No reuse or redistribution without permission from the author.,https://rightsstatements.org/vocab/InC/1.0/